1,"Jerome","Torres","JeromeTorres@mail.com","4a583dc314e4455bb9d3138d42542c89","4c5b8a3c7bb94f4c9a347803cef747b8"
2,"Stephanie","Schrom","StephanieSchrom@mail.com","2a4b74587dcf4c54874156ef0972fdd7","b571814d716543a99f28deb161a23e30"
3,"Tonya","Polanco","TonyaPolanco@mail.com","36a6d8959119499091f2d63b42af31d1","77f538900c2946c5863c9814167754c1"
4,"Sandra","Rumsey","SandraRumsey@mail.com","444713c9986a4081816e2a998639336c","ee835f0f721a417bb7a85fccc841cad4"
5,"Evelyn","Clark","EvelynClark@mail.com","741e3626e643402d960f5ad2fc3b637d","cd39de0fd79b4d598604e4619e7bec40"
6,"Victoria","Bothwell","VictoriaBothwell@mail.com","c3caf1fc38d84e4c99c0e6e4406365f7","4933b65832e849c689a233651b23fcf2"
7,"Shae","Brown","ShaeBrown@mail.com","c3dda60bb1a94611b45b12e258b8926c","81e07aead24644b39d09dae93dc80073"
8,"Erin","Delrosario","ErinDelrosario@mail.com","7430e8423e5b43fba6e98da02d3d20e2","e805773c92974fd29c327b416f1aff30"
9,"Francine","Gierisch","FrancineGierisch@mail.com","74c1c5994ab047d8a16b2ce155071dae","446de5d66c4b4bd3bd141c41525b8670"
10,"Nancy","Shade","NancyShade@mail.com","7793d891173642388fc6f8b9bdeb2064","1bf14b0440f14d3888e99784f4834067"
11,"Edwardo","Hiles","EdwardoHiles@mail.com","26ff543b497a43d19494a909ccb50065","73cdcbeabd324531b96f41ffd5dfa803"
12,"Kevin","Bellamy","KevinBellamy@mail.com","68b5959d0ab94f359a954cc31f9d14af","fcb636b514944965b632cf29808c51a7"
13,"Mike","Trent","MikeTrent@mail.com","5ff232b1a10d4bfa98b951f0a41b5c18","cd34533209cd4f97b6cfdd4005654eef"
14,"Claudia","White","ClaudiaWhite@mail.com","ad01d9e1149c4a17b431976f38d66fe8","7e642e7137cb4ac89a54cd37b5edcaf7"
15,"Ali","Loughner","AliLoughner@mail.com","4eb2114d45ab40ff92b6201c5afe0380","210b0884cf654a09965edcaca20e883c"
16,"Annie","Rizo","AnnieRizo@mail.com","bd9f67de61c44e39a3dee22d3f45ee75","90e4783c6c634b81ae85c94c88577ab3"
17,"Sherill","Howe","SherillHowe@mail.com","99afe32e6eb8472ebe0e2a677afa8303","ccd314f1490745028d4ca235f8af000b"
18,"Dale","Brotherton","DaleBrotherton@mail.com","a757d6fad1ff4915b9118cdb10cb0821","fd8c835a1ad941d3b5cf07ad3fe7a489"
19,"Jason","Yuro","JasonYuro@mail.com","984b57f85f114a0083fdefa73a412f15","d7d3311dff624360965c3539e87092e2"
20,"Austin","Heller","AustinHeller@mail.com","f19a3c53c9de46a9ae5814b6f64d1141","4ab305df20ad45d1ad143bbceff490d6"
21,"Colin","Terry","ColinTerry@mail.com","2d806c77ea7a4dd7887823dae1940d38","c19f259b67ba403e9b7e367f7f0bbb87"
22,"Michael","Logan","MichaelLogan@mail.com","da3178df56dd45af81297f14071a7314","54d48968a43748549106b77041565443"
23,"Ron","Albright","RonAlbright@mail.com","54b80511e5d046b9ae4ac197d633f108","9c863a4577594f7b91062e746fd4f026"
24,"Sandy","Haley","SandyHaley@mail.com","3fbe6be55c174bee8e4d271deda001bb","cb1ccb4acba746038b0239f95541cdf4"
25,"Alan","Smith","AlanSmith@mail.com","7a2812f5dfa346d9b5a9bf6b50bb3a04","eed45833067b46f2ad5630cce9218c74"
26,"Loren","Parsons","LorenParsons@mail.com","f143e05ae8264d5e835937fbcd9f2408","1ac4a0aa30f24359ac101f71f6b2e7b5"
27,"Frank","Thompson","FrankThompson@mail.com","9c4ff79797d848cc80348d7bb16b6071","36554bd3b2f14b878b77c1adf965ccc4"
28,"Kirk","Elliott","KirkElliott@mail.com","c1ec74a5ba834379ae76ea13cef60824","f264063c8b364701af9639e2bca742a8"
29,"Bobby","Villegas","BobbyVillegas@mail.com","a085eef028c74e2284b5fddf32f27b48","02ac0f4337984e55a019277eda85f7fd"
30,"David","Creamer","DavidCreamer@mail.com","fd9b8ab9fb9d42c6b35ca8f38e4988f1","909ed8acb3704d41888ace3cd5c46577"
31,"Virginia","Stooks","VirginiaStooks@mail.com","367fc1e424af44f1bbd2f86e51808935","6747d4f4de054f9298e950a4523556a0"
32,"Maria","Pollock","MariaPollock@mail.com","cf55f54082f14ba4b0eb171e46022ad6","35550fd90b9343d8a25dcc3caf20a324"
33,"Brad","Lollar","BradLollar@mail.com","008398af796a4108bdd48be407a0ab49","3c1d1b834c1447cda6b2bf65b2d1d75d"
34,"Amy","Briley","AmyBriley@mail.com","2534f95bfbe44cccb937987b14175181","3ff4157b60d94329bb903f16f0f3085e"
35,"Christine","Ballard","ChristineBallard@mail.com","3af25c75119a44c78ef84686b0fafea5","cd489b476fc34280ab101b6122612111"
36,"Shirley","Barrett","ShirleyBarrett@mail.com","36fb3e780cb4455aafdab5c6274e017c","06b44c7e9f7645c986fb9445bab59927"
37,"Mark","Kaur","MarkKaur@mail.com","5a81eeea1ac94cff998ea00bcf5d3bdc","33d8d939a5b94003be11864a6b462693"
38,"David","Boyd","DavidBoyd@mail.com","fd2f3eb60475490f9086a84f2607ee35","b4d72fc3684e4d6f97814623b2f50ec6"
39,"Robert","Hayes","RobertHayes@mail.com","f8e14e259e8e4170b957568f1488c66d","a84a8618668742139d1201ca83cd52c0"
40,"Isela","Wight","IselaWight@mail.com","a961018820df4895aa6cd47ae3dac224","189f57632df4477e95d7fb64e0610273"
41,"Eric","Arnold","EricArnold@mail.com","7690d7fdfe444c21ab3fa778216f85fb","62f16e7fd2544480a2bfc6c392c57ccc"
42,"Clarence","Cargile","ClarenceCargile@mail.com","661f4e54e0b247d69742b226aacafb5a","477691cd2e244ed9a71ee7b92434093d"
43,"Tina","Payne","TinaPayne@mail.com","1913eacfc8e74c73be604a4f74678148","644eb1087dd14928a407b2d5eb14d1cc"
44,"William","Morris","WilliamMorris@mail.com","1bca1d2ab64349839a00725a2a4153c5","36559f26140745d9b759cf27e29be4cc"
45,"Rosie","Johnston","RosieJohnston@mail.com","12f3713ae58b41728af0f19bb09d02c6","296befbf5c034c68b3220ef7c1e8fb22"
46,"Amy","Martin","AmyMartin@mail.com","dc972bf34366492cb34eea9fd6cc2a5b","5f0ce025604c4e7cbfaaee1f1163b23a"
47,"Joseph","Mason","JosephMason@mail.com","a700acfdea99432fafe002696f3344b7","1e0a0af6322f45a087d2a27388b83117"
48,"Louise","Edens","LouiseEdens@mail.com","e0a1074c13324a82aef5453fdeeae1b3","5d9084afc0c843a28e27cceb127895da"
49,"Rhonda","Chizmar","RhondaChizmar@mail.com","11b09c3c305f4697937ff68b74b54855","3e180f23d05c440d817d1456141923f6"
50,"Nancy","Servais","NancyServais@mail.com","179e302977844a13824712bc28bb5d46","264aa2fad29f4ae9a2937163e211c3eb"
51,"Nellie","Hecht","NellieHecht@mail.com","69e1de58d9454a1c9b6a29669870cabf","e862fe2fc9ed4dda9049346d3c35a1de"
52,"Kirby","Wade","KirbyWade@mail.com","bbc57f8036fd4ba4a90d0980ac412fa2","5f671ed0d10c4b5f92c2d0d8d213b9a4"
53,"Jerry","Spears","JerrySpears@mail.com","70e55afd2ee94606a8e06141d0e846d6","438e1ff0621542e9b80847a06c56e3fd"
54,"Jesus","Nelson","JesusNelson@mail.com","6ffa9ad9471944ef940fdc0b927a5748","65741130050749cd906a96bf8dbb2d28"
55,"Elda","Ward","EldaWard@mail.com","e327a6caf21140819dae0168fcead32a","09d254fd7ec84c0e82d4ceff98777526"
56,"Riley","Mendelson","RileyMendelson@mail.com","50cc09d967c747a9966d61ce0be48ac9","77c0e4ba3a9c46b3b098121ae7b82123"
57,"Terrance","Woods","TerranceWoods@mail.com","bc336f0884b14f6f965f4193d7e2b228","80d2f63e04c3471fb9eb1cf4951f3476"
58,"Abraham","Owen","AbrahamOwen@mail.com","7a48d56d3b4f46fbb733858ceb7fd2ef","686f172cf79b43299cf8e0eaf5b1410d"
59,"Alex","King","AlexKing@mail.com","14423f8c22d9456a90bda5c08e8cb0a2","4675d3d3d67b4f69bc85989b192c1f06"
60,"Jonathan","Graham","JonathanGraham@mail.com","81209f7b0225449d884cf4bdc73c9969","d33b03aaba124607abdb595127ac7cff"
61,"Fay","Biscoe","FayBiscoe@mail.com","459ecd0f9804472c9099fca1511749fc","a970ad1cd3fb4c9e89f78c048fef4fca"
62,"Steve","Smith","SteveSmith@mail.com","5bee4330e9bd4b44a08e404328d2db01","33b25b52719f4b8491c3581e3e7f0ab2"
63,"Bertha","Myers","BerthaMyers@mail.com","c69d51f7ec7a4ba5848e7fb2f627a6bb","5ef48f27129547e1a4c2e9e5177db747"
64,"Melissa","Similien","MelissaSimilien@mail.com","8b65c2677d1041179b6d629241a0eee1","8f51f8f0aaba4f24b1661afcce7c1a3f"
65,"Domingo","Gonzalez","DomingoGonzalez@mail.com","d22aec25fb364d40876762930ea42537","a76ec57663c14e9b954e308dbab226a5"
66,"Marlin","Benner","MarlinBenner@mail.com","7c83769a5b534798ab7641c154c925c9","a8cd80961d644335b32ea79e913dc22f"
67,"Jeffrey","Wagner","JeffreyWagner@mail.com","48187346d18c409f86ad71e2af325f06","7402116f99a748d19c80c7e2ceed2e9b"
68,"James","Thies","JamesThies@mail.com","4627b1f41fff437f9bf1a4e7844c557b","bff6ca610a10432b955aff687cf9f16f"
69,"Traci","Ruiz","TraciRuiz@mail.com","fe3e656047dc41fd9ba88eceadaf3f9e","5eb19d0359b344779f44eeb694c17130"
70,"Charles","Vasquez","CharlesVasquez@mail.com","c59d1fcb83414347aa1c97e6784c480d","a5bcc0a8f608436897594d1c64d036a3"
71,"Judy","Hodge","JudyHodge@mail.com","9423e48f14f14dd281faac0b613bfef1","7ec83e298f4b4d018bf0aadc8607cfa1"
72,"Matthew","Joecks","MatthewJoecks@mail.com","f9540592e6de4828a4d799f2a3e0ab09","8ae53b28ca5f4fd1aebd0b9db3711daa"
73,"Kristal","Williams","KristalWilliams@mail.com","faaffc267f5e4950b8294355ac9d43d0","b2be3c41c75a491cbec0fe9f08cc84ca"
74,"Christine","Foley","ChristineFoley@mail.com","f4c33bd67a204e11bdb8987218014a79","eb233c30f0854577895c5be38b042309"
75,"Jackie","Scott","JackieScott@mail.com","995b0d0898ab41e1bf675ce03dae0b93","a47b856911e349b6a8f20930ca0199bf"
76,"Antonio","Snyder","AntonioSnyder@mail.com","7d0deb1ca5644476bae7cf3742ce37fa","bb1a663d967a4139997c5fa10bc6debf"
77,"Howard","Vincent","HowardVincent@mail.com","10c0fcf3fdc841b6af2a25a70d03aafb","35989c0b256c4d2e90192a072e991208"
78,"Michael","Smith","MichaelSmith@mail.com","eb32913dede4474aa9568a14face2254","062e0ae2ad914882a393d4b14d073d3f"
79,"Timothy","Ayala","TimothyAyala@mail.com","a93d3eb71198452fb98f3d3c0f739217","c2ee88e6033d4f9e8eae896b448a6d5b"
80,"Diana","Uplinger","DianaUplinger@mail.com","5c79a437f38641b8b1ddc68f7860bb6e","c696af4062c74ca0a64316baf6cfefe1"
81,"Eric","Lumley","EricLumley@mail.com","24368bbe35b841a4b21f8334078c29cf","1364a7462ab040688c672dfcea9a7357"
82,"Kevin","Corning","KevinCorning@mail.com","dd804cf4ae9d42da86fc33bd64d14b80","a9e2623cd22940808a75e0ba2c9b032e"
83,"Thomas","Anderson","ThomasAnderson@mail.com","3f479f8cd67344f9a521cbfc24b278c4","0cace6e2ed4945f7861a8f548afca5d9"
84,"Anna","Felver","AnnaFelver@mail.com","75f4288f4d874cf7b1304f71fff1b0bd","8f5b97542ae3454babe1b7fefc3c598a"
85,"Lola","Drews","LolaDrews@mail.com","d351734b8c3f42a59e7543d50ca9cf54","3000a564c23144f7aa5f8c4e63845363"
86,"Burt","Romero","BurtRomero@mail.com","13cbeff2049740d2b760f5f9e766c486","4e0fc0e1d0004085972bf094a667de65"
87,"Linda","Lopez","LindaLopez@mail.com","070bd030b6704a8885aad7533e8da4a0","8bf6932a5e43416a99074d5ee16f0b4e"
88,"Gene","Jackson","GeneJackson@mail.com","e61951c559ee43a485dfd7e079d204f6","5f377b6b75ca45b6bddff9fa970fe4f0"
89,"Goldie","Payton","GoldiePayton@mail.com","c95088d732bb46c597be9028fc746f7e","2563aa27a07f4af6a226c6753477a1be"
90,"Corey","Gutierrez","CoreyGutierrez@mail.com","98dd71dfee43453ab0f5a1ddcdf8d653","14304d31aa0b4bdb9777c65682ed0dce"
91,"Joseph","Henry","JosephHenry@mail.com","90dc8ac70ebe46c997c11304982ea029","b6377d75f7954cd49ae785a159fcfd8f"
92,"Charles","Fogle","CharlesFogle@mail.com","025ff7f5c7e34478a240bb737a8c7213","8c8b4913fb39438b9d8502f3b31cb4fa"
93,"John","Murphy","JohnMurphy@mail.com","0ab17ed0797b4ea8821632ee8ff0b43a","9fe4502ec8154448a0c665b180b66390"
94,"Howard","Davis","HowardDavis@mail.com","b9d57f18a3764196986792ef462929ae","93f28a0f77824566a84d7862cbfaf121"
95,"Luz","Van","LuzVan@mail.com","4f6156c75c114dc48d2427e242be8724","3ec49cfed30d4b78988fd6b7ee207f2b"
96,"Eleanor","Wooten","EleanorWooten@mail.com","90912ac663954f8b909468c7f2a43c1a","c7786a3cddfb4ab0a29759b607a7d5ef"
97,"Karen","Anderson","KarenAnderson@mail.com","0aa7549b22154751acd17d6428ae37a9","d71cea93d72a41c6b8222ec64f3c4c53"
98,"Michael","Miranda","MichaelMiranda@mail.com","e1a4a4d7955243439697ff2ae684154b","933bc8076d49417db1c47861a881d170"
99,"Paul","Simpson","PaulSimpson@mail.com","be3240ef23d8448099ebaa2b1aedde77","7503530db61f42f380e8961aea670469"
100,"Evelyn","Morace","EvelynMorace@mail.com","3141453642ef4fb2a173001947d8fe4c","a9ce794eab7a4fada47c024c3efdc517"
